country,year,median
All,1979,7.88
All,1980,9.8
All,1981,11.2
All,1982,12.22
All,1983,11.2
All,1984,10.79
All,1985,18.5
All,1986,15.24
All,1987,16.08
All,1988,15.89
All,1989,21.93
All,1990,11.94
All,1991,12.29
All,1992,12.88
All,1993,13.3
All,1994,13.39
All,1995,13.74
All,1996,13.47
All,1997,13.57
All,1998,13.97
All,1999,45.69
All,2000,14.18
All,2001,13.87
All,2002,14.64
All,2003,14.14
All,2004,10.39
All,2005,11
All,2006,10.55
All,2007,10.91
All,2008,10
All,2009,10.27
All,2010,10.39
All,2011,9.71
All,2012,10.16
All,2013,9.51
All,2014,9.42
All,2015,9.27
All,2016,8.9
Albania,1985,0
Albania,1986,0
Albania,1987,2.65
Albania,1988,2.71
Albania,1989,2.78
Albania,1990,0
Albania,1991,0
Albania,1992,1.5
Albania,1993,2.71
Albania,1994,2.68
Albania,1995,3.38
Albania,1996,3.64
Albania,1997,6.45
Albania,1998,5.54
Albania,1999,5.82
Albania,2000,2.56
Albania,2001,4.22
Albania,2002,5.21
Albania,2003,4.88
Albania,2004,5.45
Albania,2005,0
Albania,2006,0
Albania,2007,5.49
Albania,2008,5.92
Albania,2009,0
Albania,2010,3.47
Albania,2011,0
Albania,2012,0
Albania,2013,0
Albania,2014,0
Albania,2015,0
Argentina,1979,10.39
Argentina,1980,11.54
Argentina,1981,12.15
Argentina,1982,10.66
Argentina,1983,9.99
Argentina,1984,10.35
Argentina,1985,11.21
Argentina,1986,12.74
Argentina,1987,12.08
Argentina,1988,12.19
Argentina,1989,11.58
Argentina,1990,11.24
Argentina,1991,9.94
Argentina,1992,10.57
Argentina,1993,11.23
Argentina,1994,10.17
Argentina,1995,10
Argentina,1996,9.84
Argentina,1997,9.28
Argentina,1998,9.74
Argentina,1999,9.77
Argentina,2000,10.95
Argentina,2001,11.96
Argentina,2002,11.62
Argentina,2003,12.19
Argentina,2004,10.92
Argentina,2005,10.68
Argentina,2006,10.69
Argentina,2007,9.86
Argentina,2008,9.84
Argentina,2009,8.94
Argentina,2010,9.27
Argentina,2011,8.82
Argentina,2012,9.99
Argentina,2013,8.62
Argentina,2014,9.28
Argentina,2015,9.34
Armenia,1981,5.71
Armenia,1982,2.52
Armenia,1983,0
Armenia,1985,3.33
Armenia,1986,2.59
Armenia,1987,4.69
Armenia,1988,2.84
Armenia,1989,3.05
Armenia,1990,3.43
Armenia,1991,3.82
Armenia,1992,3.41
Armenia,1993,4.25
Armenia,1994,5.56
Armenia,1995,4.32
Armenia,1996,3.09
Armenia,1997,2.69
Armenia,1998,2.29
Armenia,1999,2.06
Armenia,2000,2.86
Armenia,2001,2.48
Armenia,2002,3.17
Armenia,2003,2.79
Armenia,2004,0
Armenia,2005,0
Armenia,2006,3.64
Armenia,2007,3.25
Armenia,2008,2.93
Armenia,2009,2.81
Armenia,2010,3.37
Armenia,2011,2.75
Armenia,2012,3.05
Armenia,2013,3.12
Armenia,2014,3.08
Armenia,2015,3.77
Armenia,2016,3.38
Aruba,1979,0
Aruba,1980,0
Aruba,1981,0
Aruba,1982,0
Aruba,1983,0
Aruba,1984,0
Aruba,1985,0
Aruba,1986,0
Aruba,1987,0
Aruba,1989,0
Aruba,1990,0
Aruba,1991,0
Aruba,1992,0
Aruba,1993,0
Aruba,1994,0
Aruba,1995,0
Aruba,1995,25.71
Aruba,1999,9.62
Aruba,2000,25.44
Aruba,2001,2.27
Aruba,2002,10.54
Aruba,2003,1.08
Aruba,2004,14.73
Aruba,2005,8.3
Aruba,2006,8.03
Aruba,2007,7.68
Aruba,2008,3.45
Aruba,2009,3.52
Aruba,2010,4.89
Aruba,2011,7.79
Aruba,2012,3.31
Aruba,2013,1.29
Aruba,2014,5.17
Aruba,2015,8.63
Australia,1979,12.5
Australia,1980,13.06
Australia,1981,13.02
Australia,1982,14.08
Australia,1983,13.53
Australia,1984,12.81
Australia,1985,13.62
Australia,1986,14.65
Australia,1987,15.74
Australia,1988,14.94
Australia,1989,14.01
Australia,1990,14.36
Australia,1991,15.01
Australia,1992,14.22
Australia,1993,12.91
Australia,1994,13.98
Australia,1995,12.93
Australia,1996,14.61
Australia,1997,15.58
Australia,1998,14.7
Australia,1999,13.93
Australia,2000,13.15
Australia,2001,13.23
Australia,2002,12.06
Australia,2003,11.15
Australia,2004,11.15
Australia,2005,0
Australia,2006,10.66
Australia,2007,10.85
Australia,2008,10.87
Australia,2009,10.84
Australia,2010,11.05
Australia,2011,11.1
Australia,2012,11.63
Australia,2013,11.57
Australia,2014,12.42
Australia,2015,12.85
Austria,1979,0
Austria,1980,30.47
Austria,1981,32.17
Austria,1982,33.09
Austria,1983,31.83
Austria,1984,32.74
Austria,1985,32.07
Austria,1986,33.48
Austria,1987,33.82
Austria,1988,29.8
Austria,1989,29.94
Austria,1990,29.48
Austria,1991,29.62
Austria,1992,28.48
Austria,1993,29
Austria,1994,28.64
Austria,1995,29.01
Austria,1996,28.55
Austria,1997,24.79
Austria,1998,24.12
Austria,1999,23.36
Austria,2000,24.15
Austria,2001,21.83
Austria,2002,23.08
Austria,2003,21.42
Austria,2004,21.17
Austria,2005,19.6
Austria,2006,18.24
Austria,2007,18.11
Austria,2008,18.04
Austria,2009,17.77
Austria,2010,17.3
Austria,2011,17.62
Austria,2012,17.22
Austria,2013,17.68
Austria,2014,17.49
Austria,2015,16.22
Austria,2016,15.33
Azerbaijan,1981,7.24
Azerbaijan,1982,7.43
Azerbaijan,1983,0
Azerbaijan,1985,6.26
Azerbaijan,1986,5.59
Azerbaijan,1987,5.93
Azerbaijan,1988,6.47
Azerbaijan,1989,5.41
Azerbaijan,1990,2.05
Azerbaijan,1991,2.69
Azerbaijan,1992,2.9
Azerbaijan,1993,2.63
Azerbaijan,1994,1
Azerbaijan,1995,1.19
Azerbaijan,1996,1.49
Azerbaijan,1997,1.55
Azerbaijan,1998,0.89
Azerbaijan,1999,0.72
Azerbaijan,2000,1.2
Azerbaijan,2001,5
Azerbaijan,2002,1.62
Azerbaijan,2003,2.26
Azerbaijan,2004,1.53
Azerbaijan,2005,0
Azerbaijan,2007,0.99
Bahamas,1979,0
Bahamas,1980,0.38
Bahamas,1981,1
Bahamas,1983,2.79
Bahamas,1984,3.77
Bahamas,1985,0.4
Bahamas,1986,0
Bahamas,1987,1.13
Bahamas,1993,3.13
Bahamas,1994,0.88
Bahamas,1995,0.6
Bahamas,1996,0.82
Bahamas,1997,0.6
Bahamas,1998,0.92
Bahamas,1999,1.91
Bahamas,2000,3.39
Bahamas,2001,0.22
Bahamas,2002,0.83
Bahamas,2003,0.21
Bahamas,2004,0.49
Bahamas,2005,1.11
Bahamas,2006,0.47
Bahamas,2007,1.12
Bahamas,2008,1.04
Bahamas,2009,1.33
Bahamas,2010,4.86
Bahamas,2011,1.08
Bahamas,2012,0.99
Bahamas,2013,1.16
Bahrain,1985,1.68
Bahrain,1987,2.14
Bahrain,1988,2.07
Bahrain,1997,0
Bahrain,1998,0
Bahrain,1999,1.87
Bahrain,2000,2.73
Bahrain,2001,2.56
Bahrain,2002,2.31
Bahrain,2003,2.7
Bahrain,2004,4.52
Bahrain,2005,3.35
Bahrain,2006,2.27
Bahrain,2007,2.67
Bahrain,2008,2.32
Bahrain,2009,2.05
Bahrain,2010,0.99
Bahrain,2011,1.25
Bahrain,2012,0.72
Bahrain,2013,0.21
Bahrain,2014,0.54
Belarus,1981,27.92
Belarus,1982,29.59
Belarus,1983,0
Belarus,1985,25.18
Belarus,1986,20.46
Belarus,1987,22.78
Belarus,1988,22.52
Belarus,1989,24.4
Belarus,1990,22.86
Belarus,1991,24.8
Belarus,1992,26.19
Belarus,1993,30.43
Belarus,1994,33.63
Belarus,1995,33.67
Belarus,1996,37.98
Belarus,1997,37.21
Belarus,1998,37.97
Belarus,1999,37.53
Belarus,2000,37.28
Belarus,2001,34.97
Belarus,2002,34.25
Belarus,2003,37.07
Belarus,2004,0
Belarus,2005,0
Belarus,2006,0
Belarus,2007,29.66
Belarus,2008,29.35
Belarus,2009,31.3
Belarus,2010,27.67
Belarus,2011,24.95
Belarus,2012,0
Belarus,2013,22.78
Belarus,2014,21.08
Belarus,2015,0
Belgium,1979,26.36
Belgium,1980,26.32
Belgium,1981,27.01
Belgium,1982,26.55
Belgium,1983,26.72
Belgium,1984,28.38
Belgium,1985,27.67
Belgium,1986,26.22
Belgium,1987,27.31
Belgium,1988,23.65
Belgium,1989,23.74
Belgium,1990,23.09
Belgium,1991,22
Belgium,1992,22.16
Belgium,1993,25.04
Belgium,1994,25.03
Belgium,1995,23.83
Belgium,1996,22.3
Belgium,1997,23.73
Belgium,1998,22.06
Belgium,1999,19.23
Belgium,2000,22.32
Belgium,2001,21.77
Belgium,2002,20.66
Belgium,2003,20.73
Belgium,2004,19.26
Belgium,2005,19.31
Belgium,2006,17.91
Belgium,2007,17.38
Belgium,2008,18.46
Belgium,2009,18.2
Belgium,2010,18.35
Belgium,2011,18.89
Belgium,2012,18.09
Belgium,2013,16.8
Belgium,2014,16.82
Belgium,2015,16.39
Bosnia and Herzegovina,1979,13.98
Bosnia and Herzegovina,1980,15.2
Bosnia and Herzegovina,1981,15.33
Bosnia and Herzegovina,1982,11.76
Bosnia and Herzegovina,1983,11.97
Bosnia and Herzegovina,1984,12.16
Bosnia and Herzegovina,1985,13.98
Bosnia and Herzegovina,1986,15.2
Bosnia and Herzegovina,1987,15.33
Bosnia and Herzegovina,1988,11.76
Bosnia and Herzegovina,1989,11.97
Bosnia and Herzegovina,1990,12.16
Bosnia and Herzegovina,1991,13.9
Bosnia and Herzegovina,2010,12
Bosnia and Herzegovina,2011,11.11
Bosnia and Herzegovina,2012,12
Bosnia and Herzegovina,2014,9.13
Brazil,1979,4.26
Brazil,1980,5.05
Brazil,1981,4.84
Brazil,1982,4.77
Brazil,1983,5.09
Brazil,1984,4.97
Brazil,1985,4.93
Brazil,1986,4.76
Brazil,1987,5.84
Brazil,1988,5.45
Brazil,1989,5.34
Brazil,1990,5.59
Brazil,1991,5.7
Brazil,1992,5.41
Brazil,1993,5.66
Brazil,1994,5.96
Brazil,1995,6.27
Brazil,1996,6.11
Brazil,1997,6.4
Brazil,1998,6.25
Brazil,1999,5.64
Brazil,2000,5.69
Brazil,2001,6.12
Brazil,2002,5.81
Brazil,2003,5.67
Brazil,2004,5.85
Brazil,2005,6.13
Brazil,2006,5.83
Brazil,2007,5.97
Brazil,2008,6.02
Brazil,2009,5.86
Brazil,2010,6.06
Brazil,2011,6.03
Brazil,2012,6.2
Brazil,2013,6.12
Brazil,2014,6.09
Brazil,2015,6.45
Bulgaria,1979,0
Bulgaria,1980,21.58
Bulgaria,1981,19.87
Bulgaria,1982,22.67
Bulgaria,1983,19.8
Bulgaria,1984,25.39
Bulgaria,1985,25.26
Bulgaria,1986,22.96
Bulgaria,1987,25.7
Bulgaria,1988,24.37
Bulgaria,1989,24.35
Bulgaria,1990,21.37
Bulgaria,1991,22.41
Bulgaria,1992,25.88
Bulgaria,1993,23.2
Bulgaria,1994,24.03
Bulgaria,1995,23.15
Bulgaria,1996,24.68
Bulgaria,1997,23.03
Bulgaria,1998,25.38
Bulgaria,1999,20.89
Bulgaria,2000,21.6
Bulgaria,2001,20.39
Bulgaria,2002,20.61
Bulgaria,2003,17.3
Bulgaria,2004,15.34
Bulgaria,2005,14.84
Bulgaria,2006,15.54
Bulgaria,2007,14.48
Bulgaria,2008,14.2
Bulgaria,2009,12.87
Bulgaria,2010,13.19
Bulgaria,2011,11.13
Bulgaria,2012,13.68
Bulgaria,2013,11.18
Bulgaria,2014,11.65
Canada,1979,14.82
Canada,1980,15.88
Canada,1981,15.4
Canada,1982,15.26
Canada,1983,16.8
Canada,1984,15
Canada,1985,13.87
Canada,1986,15.84
Canada,1987,14.94
Canada,1988,14.62
Canada,1989,14.25
Canada,1990,13.75
Canada,1991,13.98
Canada,1992,13.63
Canada,1993,13.67
Canada,1994,13.49
Canada,1995,13.63
Canada,1996,13.57
Canada,1997,12.62
Canada,1998,12.51
Canada,1999,13.2
Canada,2000,11.58
Canada,2001,11.45
Canada,2002,11.48
Canada,2003,11.44
Canada,2004,10.97
Canada,2005,11.15
Canada,2006,10.54
Canada,2007,10.62
Canada,2008,10.63
Canada,2009,10.89
Canada,2010,11.06
Canada,2011,10.42
Canada,2012,10.66
Canada,2013,11.09
Chile,1979,0
Chile,1980,6.82
Chile,1981,8.15
Chile,1982,8.24
Chile,1983,7.93
Chile,1984,8.32
Chile,1985,9.08
Chile,1986,7.58
Chile,1987,7.45
Chile,1988,7.91
Chile,1989,8.37
Chile,1990,7.66
Chile,1991,8.24
Chile,1992,6.57
Chile,1993,8.6
Chile,1994,7.95
Chile,1995,9.08
Chile,1996,7.98
Chile,1997,8.34
Chile,1998,9.15
Chile,1999,9.32
Chile,2000,12.43
Chile,2001,12.3
Chile,2002,12.44
Chile,2003,12.8
Chile,2004,12.97
Chile,2005,12.29
Chile,2006,12.92
Chile,2007,12.58
Chile,2008,13.99
Chile,2009,14.53
Chile,2010,13.57
Chile,2011,13.4
Chile,2012,12.37
Chile,2013,11.21
Chile,2014,11.45
Chile,2015,12.31
Colombia,1984,5.01
Colombia,1985,5.21
Colombia,1986,4.18
Colombia,1987,3.76
Colombia,1988,4.22
Colombia,1989,3.47
Colombia,1990,3.62
Colombia,1991,3.63
Colombia,1992,4.12
Colombia,1993,4.1
Colombia,1994,4.66
Colombia,1995,4.14
Colombia,1996,4.43
Colombia,1997,4.4
Colombia,1998,6.81
Colombia,1999,7.01
Colombia,2000,7.48
Colombia,2001,7.36
Colombia,2002,6.78
Colombia,2003,6.65
Colombia,2004,7.02
Colombia,2005,6.24
Colombia,2006,6.53
Colombia,2007,6.19
Colombia,2008,6.19
Colombia,2009,6.15
Colombia,2010,5.6
Colombia,2011,5.24
Colombia,2012,5.54
Colombia,2013,5.29
Colombia,2014,5.55
Colombia,2015,5.87
Costa Rica,1979,0
Costa Rica,1980,7.97
Costa Rica,1981,5.86
Costa Rica,1982,5.24
Costa Rica,1983,7.44
Costa Rica,1984,6.71
Costa Rica,1985,5.79
Costa Rica,1986,7.49
Costa Rica,1987,7.13
Costa Rica,1988,7.42
Costa Rica,1989,7.06
Costa Rica,1990,7.77
Costa Rica,1991,5.14
Costa Rica,1992,6.05
Costa Rica,1993,8.24
Costa Rica,1994,6.73
Costa Rica,1995,6.6
Costa Rica,1996,7.91
Costa Rica,1997,6.72
Costa Rica,1998,7.67
Costa Rica,1999,7.09
Costa Rica,2000,7.36
Costa Rica,2001,6.34
Costa Rica,2002,7.97
Costa Rica,2003,9.66
Costa Rica,2004,8.39
Costa Rica,2005,6.56
Costa Rica,2006,8.4
Costa Rica,2007,6.28
Costa Rica,2008,6.02
Costa Rica,2009,6.45
Costa Rica,2010,7.03
Costa Rica,2011,7.49
Costa Rica,2012,6.73
Costa Rica,2013,7.44
Costa Rica,2014,5.9
Croatia,1985,29.22
Croatia,1986,28.82
Croatia,1987,32.49
Croatia,1988,30.11
Croatia,1989,28.67
Croatia,1990,31.45
Croatia,1991,28.37
Croatia,1992,29.73
Croatia,1993,27.51
Croatia,1994,28.23
Croatia,1995,25.46
Croatia,1996,27.9
Croatia,1997,26.14
Croatia,1998,28.69
Croatia,1999,27.27
Croatia,2000,26.9
Croatia,2001,23.96
Croatia,2002,25.34
Croatia,2003,23.47
Croatia,2004,25.19
Croatia,2005,22.46
Croatia,2006,20.69
Croatia,2007,20.29
Croatia,2008,22.14
Croatia,2009,21.19
Croatia,2010,20.16
Croatia,2011,18.43
Croatia,2012,19.92
Croatia,2013,17.53
Croatia,2014,18.5
Croatia,2015,19.14
Croatia,2016,17.8
Cuba,1979,0
Cuba,1980,0
Cuba,1981,0
Cuba,1982,0
Cuba,1983,0
Cuba,1984,0
Cuba,1985,0
Cuba,1986,0
Cuba,1987,0
Cuba,1988,0
Cuba,1989,0
Cuba,1990,0
Cuba,1991,0
Cuba,1992,30.81
Cuba,1993,32.74
Cuba,1994,30.28
Cuba,1995,29.4
Cuba,1996,26.35
Cuba,1997,26.45
Cuba,1998,27.25
Cuba,1999,25.51
Cuba,2000,22.73
Cuba,2001,20.38
Cuba,2002,20.04
Cuba,2003,18.43
Cuba,2004,18.01
Cuba,2005,17.16
Cuba,2006,16.88
Cuba,2007,15.68
Cuba,2008,15.92
Cuba,2009,16.78
Cuba,2010,16.84
Cuba,2011,17.25
Cuba,2012,17
Cuba,2013,15.87
Cuba,2014,15.39
Cuba,2015,16.19
Cyprus,1999,0.13
Cyprus,2000,0.7
Cyprus,2002,0
Cyprus,2003,0
Cyprus,2004,0.76
Cyprus,2005,2.06
Cyprus,2006,2.3
Cyprus,2007,3.01
Cyprus,2008,4.92
Cyprus,2009,4.63
Cyprus,2010,4.91
Cyprus,2011,3.65
Cyprus,2012,3.58
Cyprus,2013,5.38
Cyprus,2014,4.76
Cyprus,2015,4.13
Cyprus,2016,3.93
Czech Republic,1985,0
Czech Republic,1986,30.47
Czech Republic,1987,26.74
Czech Republic,1988,25.5
Czech Republic,1989,25
Czech Republic,1990,26.19
Czech Republic,1991,24.33
Czech Republic,1992,25.27
Czech Republic,1993,24.8
Czech Republic,1994,24.44
Czech Republic,1995,22.03
Czech Republic,1996,20.29
Czech Republic,1997,19.51
Czech Republic,1998,18.89
Czech Republic,1999,19.74
Czech Republic,2000,18.89
Czech Republic,2001,18.41
Czech Republic,2002,17.68
Czech Republic,2003,19.57
Czech Republic,2004,16.92
Czech Republic,2005,16.12
Czech Republic,2006,14.87
Czech Republic,2007,14.23
Czech Republic,2008,14.58
Czech Republic,2009,14.98
Czech Republic,2010,14.64
Czech Republic,2011,15.52
Czech Republic,2012,16.35
Czech Republic,2013,15.51
Czech Republic,2014,14.61
Czech Republic,2015,14.24
Czech Republic,2016,13.48
Denmark,1979,0
Denmark,1980,0
Denmark,1981,0
Denmark,1982,0
Denmark,1983,0
Denmark,1984,0
Denmark,1985,0
Denmark,1986,0
Denmark,1987,0
Denmark,1988,0
Denmark,1989,0
Denmark,1990,0
Denmark,1991,0
Denmark,1992,0
Denmark,1993,0
Denmark,1994,21.1
Denmark,1995,19.93
Denmark,1996,19.13
Denmark,1997,18.21
Denmark,1998,15.72
Denmark,1999,15.26
Denmark,2000,15.09
Denmark,2001,15.51
Denmark,2002,14.71
Denmark,2003,13.06
Denmark,2004,13.48
Denmark,2005,13.69
Denmark,2006,13.51
Denmark,2007,11.66
Denmark,2008,11.92
Denmark,2009,12.06
Denmark,2010,10.84
Denmark,2011,10.53
Denmark,2012,11.93
Denmark,2013,11.21
Denmark,2014,11.48
Denmark,2015,10.12
Dominican Republic,1980,12.49
Dominican Republic,1981,13.19
Dominican Republic,1982,15.52
Dominican Republic,1983,19.48
Dominican Republic,1984,17.38
Dominican Republic,1985,15.51
Dominican Republic,1986,15.16
Dominican Republic,1987,14.22
Dominican Republic,1988,14.45
Dominican Republic,1989,14.8
Dominican Republic,1990,14.33
Dominican Republic,1991,13.86
Dominican Republic,1992,15.49
Dominican Republic,1994,11.41
Dominican Republic,1995,15.84
Dominican Republic,1996,13.74
Dominican Republic,1997,17.58
Dominican Republic,1998,17.34
Dominican Republic,1999,20.25
Dominican Republic,2000,17.22
Dominican Republic,2001,17.68
Dominican Republic,2002,15.93
Dominican Republic,2003,18.14
Dominican Republic,2004,17.33
Dominican Republic,2005,25.69
Dominican Republic,2006,18.25
Dominican Republic,2007,19.64
Dominican Republic,2008,21.38
Dominican Republic,2009,23.58
Dominican Republic,2010,24.39
Dominican Republic,2011,25.66
Dominican Republic,2012,29.49
Dominican Republic,2013,51.66
Ecuador,1979,3.9
Ecuador,1980,3.45
Ecuador,1981,4.4
Ecuador,1982,5.71
Ecuador,1983,4.98
Ecuador,1984,6.44
Ecuador,1985,6.88
Ecuador,1986,6.38
Ecuador,1987,5.21
Ecuador,1988,6.27
Ecuador,1989,5.87
Ecuador,1990,5.04
Ecuador,1991,5.58
Ecuador,1992,6.32
Ecuador,1993,5.91
Ecuador,1994,5.64
Ecuador,1995,5.69
Ecuador,1996,6.36
Ecuador,1997,5.59
Ecuador,1998,5.17
Ecuador,1999,5.99
Ecuador,2000,4.76
Ecuador,2001,5.6
Ecuador,2002,5.12
Ecuador,2003,5.88
Ecuador,2004,7.03
Ecuador,2005,8.06
Ecuador,2006,7.76
Ecuador,2007,8
Ecuador,2008,7.94
Ecuador,2009,7.85
Ecuador,2010,6.79
Ecuador,2011,6.82
Ecuador,2012,7.07
Ecuador,2013,5.24
Ecuador,2014,5.5
Ecuador,2015,8.12
Egypt,1980,9.04
Egypt,1987,8.06
Egypt,1991,10
Egypt,1992,10
Egypt,2000,8.1
Egypt,2001,9.08
Egypt,2002,8.04
Egypt,2003,12.05
Egypt,2004,11.08
Egypt,2005,10.11
Egypt,2006,10.11
Egypt,2007,9.04
Egypt,2008,9.07
Egypt,2009,9.07
Egypt,2010,8.07
Egypt,2011,8.22
Egypt,2012,8.28
Egypt,2013,9.19
Egypt,2014,10.14
Egypt,2015,10.05
Estonia,1981,44.93
Estonia,1982,40.59
Estonia,1983,0
Estonia,1985,35.52
Estonia,1986,31.93
Estonia,1987,31.63
Estonia,1988,30.13
Estonia,1989,29.51
Estonia,1990,32.53
Estonia,1991,33.2
Estonia,1992,37.81
Estonia,1993,43.35
Estonia,1994,46.8
Estonia,1995,45.27
Estonia,1996,44.06
Estonia,1997,41.84
Estonia,1998,35.63
Estonia,1999,40.54
Estonia,2000,30.39
Estonia,2001,30.97
Estonia,2002,29.86
Estonia,2003,28.19
Estonia,2004,24.96
Estonia,2005,21.37
Estonia,2006,20.22
Estonia,2007,22.09
Estonia,2008,20.38
Estonia,2009,20.72
Estonia,2010,19.09
Estonia,2011,19.11
Estonia,2012,20.13
Estonia,2013,19.33
Estonia,2014,21.58
Estonia,2015,17.12
Finland,1979,0
Finland,1980,0
Finland,1981,0
Finland,1982,0
Finland,1983,0
Finland,1984,0
Finland,1985,0
Finland,1986,0
Finland,1987,28.95
Finland,1988,29.5
Finland,1989,31.11
Finland,1990,33.02
Finland,1991,31.47
Finland,1992,29.16
Finland,1993,27.75
Finland,1994,27.52
Finland,1995,27.08
Finland,1996,24.14
Finland,1997,25.86
Finland,1998,25.12
Finland,1999,23.59
Finland,2000,22.14
Finland,2001,22.27
Finland,2002,21.29
Finland,2003,20.29
Finland,2004,20.33
Finland,2005,19.21
Finland,2006,19.48
Finland,2007,18.59
Finland,2008,18.36
Finland,2009,19.04
Finland,2010,17.93
Finland,2011,16.97
Finland,2012,15.58
Finland,2013,16.4
Finland,2014,14.76
Finland,2015,13.43
France,1979,23.78
France,1980,25.12
France,1981,25.18
France,1982,27.16
France,1983,28.11
France,1984,28.47
France,1985,29.08
France,1986,29.31
France,1987,27.59
France,1988,26.06
France,1989,26.04
France,1990,25.23
France,1991,24.84
France,1992,25.12
France,1993,26.06
France,1994,25
France,1995,24.39
France,1996,22.6
France,1997,22.19
France,1998,21.14
France,1999,20.49
France,2000,21.44
France,2001,20
France,2002,19.89
France,2003,20.11
France,2004,19.38
France,2005,19.34
France,2006,18.39
France,2007,17.81
France,2008,18.02
France,2009,18.02
France,2010,17.6
France,2011,17.6
France,2012,16.58
France,2013,16.03
France,2014,14.96
French Guiana,1979,36.91
French Guiana,1982,0
French Guiana,1984,0
French Guiana,2001,12.47
French Guiana,2002,6.17
French Guiana,2003,12.39
French Guiana,2004,14.5
French Guiana,2005,17.71
French Guiana,2006,6.76
French Guiana,2007,10.07
French Guiana,2008,14.42
French Guiana,2009,16.84
French Guiana,2010,9.76
French Guiana,2011,9.81
French Guiana,2012,13.89
French Guiana,2013,7.89
French Guiana,2014,10.03
Germany,1990,21.62
Germany,1991,21.51
Germany,1992,20.84
Germany,1993,19.63
Germany,1994,19.23
Germany,1995,19.47
Germany,1996,18.04
Germany,1997,17.58
Germany,1998,16.71
Germany,1999,15.77
Germany,2000,15.46
Germany,2001,15.48
Germany,2002,15.33
Germany,2003,15.1
Germany,2004,14.35
Germany,2005,13.46
Germany,2006,12.71
Germany,2007,12.21
Germany,2008,12.13
Germany,2009,12.13
Germany,2010,12.68
Germany,2011,12.74
Germany,2012,12.36
Germany,2013,12.76
Germany,2014,12.75
Germany,2015,12.53
Greece,1979,3.72
Greece,1980,4.38
Greece,1981,4.15
Greece,1982,4.33
Greece,1983,4.67
Greece,1984,4.69
Greece,1985,4.85
Greece,1986,5.1
Greece,1987,5.26
Greece,1988,5.01
Greece,1989,4.54
Greece,1990,4.29
Greece,1991,4.55
Greece,1992,4.08
Greece,1993,4.43
Greece,1994,3.9
Greece,1995,4.14
Greece,1996,3.76
Greece,1997,3.97
Greece,1998,4.02
Greece,1999,3.81
Greece,2000,3.74
Greece,2001,3.23
Greece,2002,3.2
Greece,2003,3.39
Greece,2004,3.41
Greece,2005,3.88
Greece,2006,3.78
Greece,2007,2.83
Greece,2008,3.36
Greece,2009,3.41
Greece,2010,3.33
Greece,2011,4.06
Greece,2012,4.44
Greece,2013,4.59
Greece,2014,4.99
Greece,2015,4.67
Grenada,1985,2.09
Grenada,1988,3.9
Grenada,1989,5.42
Grenada,1990,2.06
Grenada,1991,0
Grenada,1992,0
Grenada,1993,2.85
Grenada,1994,5.07
Grenada,1995,4.33
Grenada,1996,1
Grenada,2001,0
Grenada,2002,0
Grenada,2003,5.77
Grenada,2004,1.11
Grenada,2005,13.4
Grenada,2006,0.82
Grenada,2007,4.03
Grenada,2008,0
Grenada,2009,0
Grenada,2010,0
Grenada,2011,1.73
Grenada,2012,1.5
Grenada,2013,0
Grenada,2014,0
Grenada,2015,0
Grenada,2016,0
Guatemala,1979,2
Guatemala,1980,1.76
Guatemala,1981,1.21
Guatemala,1984,0.87
Guatemala,1986,3.57
Guatemala,1987,4.83
Guatemala,1988,3.94
Guatemala,1989,2.94
Guatemala,1990,2.84
Guatemala,1991,2.79
Guatemala,1992,3.19
Guatemala,1993,2.6
Guatemala,1994,2.16
Guatemala,1995,2.84
Guatemala,1996,2.5
Guatemala,1997,2.21
Guatemala,1998,3.09
Guatemala,1999,3.04
Guatemala,2000,2.29
Guatemala,2001,2.55
Guatemala,2002,3.38
Guatemala,2003,3.11
Guatemala,2004,2.49
Guatemala,2005,2.72
Guatemala,2006,3.5
Guatemala,2007,3.36
Guatemala,2008,4.56
Guatemala,2009,4.8
Guatemala,2010,2.95
Guatemala,2011,2.89
Guatemala,2012,3.48
Guatemala,2013,3.39
Guatemala,2014,3.82
Guatemala,2015,3.74
Hong Kong,1979,27.55
Hong Kong,1980,23.25
Hong Kong,1981,18.01
Hong Kong,1982,12.49
Hong Kong,1983,14.89
Hong Kong,1984,14.54
Hong Kong,1985,19.73
Hong Kong,1986,20.33
Hong Kong,1987,17.78
Hong Kong,1988,17.52
Hong Kong,1989,16.28
Hong Kong,1990,19.53
Hong Kong,1991,20.31
Hong Kong,1992,20.45
Hong Kong,1993,15.47
Hong Kong,1994,18.96
Hong Kong,1995,17.6
Hong Kong,1996,16.33
Hong Kong,1997,14.2
Hong Kong,1998,19.34
Hong Kong,1999,17.25
Hong Kong,2000,17.44
Hong Kong,2001,17.79
Hong Kong,2002,17.85
Hong Kong,2003,18.96
Hong Kong,2004,22.64
Hong Kong,2005,20.04
Hong Kong,2006,18.13
Hong Kong,2007,16.11
Hong Kong,2008,14.53
Hong Kong,2009,16.32
Hong Kong,2010,16.43
Hong Kong,2011,13
Hong Kong,2012,12.91
Hong Kong,2013,15.05
Hong Kong,2014,13.57
Hong Kong,2015,14.32
Hungary,1979,57.55
Hungary,1980,57.7
Hungary,1981,59.11
Hungary,1982,55.76
Hungary,1983,56.09
Hungary,1984,57.12
Hungary,1985,55.69
Hungary,1986,55.51
Hungary,1987,54.73
Hungary,1988,50.53
Hungary,1989,50.75
Hungary,1990,50.77
Hungary,1991,47.92
Hungary,1992,47.52
Hungary,1993,44.94
Hungary,1994,44.65
Hungary,1995,41.12
Hungary,1996,40.23
Hungary,1997,39.2
Hungary,1998,36.4
Hungary,1999,40.32
Hungary,2000,38.71
Hungary,2001,34.08
Hungary,2002,31.9
Hungary,2003,31
Hungary,2004,30.79
Hungary,2005,29.33
Hungary,2006,26.06
Hungary,2007,27.28
Hungary,2008,27.64
Hungary,2009,25.89
Hungary,2010,26.78
Hungary,2011,24.99
Hungary,2012,25.5
Hungary,2013,22.19
Hungary,2014,20.36
Hungary,2015,21.44
Hungary,2016,20.13
Iceland,1979,0
Iceland,1980,0
Iceland,1981,8.27
Iceland,1982,9.22
Iceland,1983,19.86
Iceland,1984,19.06
Iceland,1985,14.25
Iceland,1986,17.93
Iceland,1987,17.5
Iceland,1988,14
Iceland,1989,9.18
Iceland,1990,15.03
Iceland,1991,16.64
Iceland,1992,10.24
Iceland,1993,9.09
Iceland,1994,10.45
Iceland,1995,10.81
Iceland,1996,14.78
Iceland,1997,13.67
Iceland,1998,11.76
Iceland,1999,10.74
Iceland,2000,17.33
Iceland,2001,13.59
Iceland,2002,10.94
Iceland,2003,8.41
Iceland,2004,14.07
Iceland,2005,9.58
Iceland,2006,8.87
Iceland,2007,13.61
Iceland,2008,11.34
Iceland,2009,10.31
Iceland,2010,15.36
Iceland,2011,7.75
Iceland,2012,12.12
Iceland,2013,18.44
Iceland,2014,16.5
Iceland,2015,11.72
Iceland,2016,11.51
Iran,1979,3.26
Iran,1980,3.31
Iran,1981,3.06
Iran,1982,3.26
Iran,1983,3.31
Iran,1984,3.06
Iran,1985,3.26
Iran,1986,3.31
Iran,1987,3.06
Iran,1988,3.26
Iran,1989,3.31
Iran,1990,3.06
Iran,1991,3.26
Iran,1992,3.31
Iran,1993,3.06
Iran,1994,3.26
Iran,1995,3.31
Iran,1996,3.06
Iran,1997,3.26
Iran,1998,3.31
Iran,1999,3.06
Iran,2000,3.06
Iran,2001,3.26
Iran,2002,3.31
Iran,2003,3.06
Iran,2004,3.26
Iran,2005,3.31
Iran,2006,3.06
Iran,2007,3.26
Iran,2008,3.31
Iran,2009,3.06
Iran,2010,3.06
Iran,2011,3.26
Iran,2012,3.31
Iran,2013,3.06
Iran,2014,3.26
Iran,2015,3.31
Iran,2016,3.06
Ireland,1979,6.78
Ireland,1980,6.82
Ireland,1981,7.1
Ireland,1982,8.12
Ireland,1983,8.99
Ireland,1984,7.02
Ireland,1985,8.51
Ireland,1986,8.74
Ireland,1987,7.95
Ireland,1988,9.44
Ireland,1989,9.21
Ireland,1990,10.47
Ireland,1991,10.54
Ireland,1992,11.49
Ireland,1993,9.76
Ireland,1994,11.9
Ireland,1995,11.99
Ireland,1996,12.13
Ireland,1997,13.01
Ireland,1998,13.51
Ireland,1999,11.77
Ireland,2000,11.86
Ireland,2001,12.41
Ireland,2002,11.32
Ireland,2003,11.23
Ireland,2004,10.79
Ireland,2005,10.09
Ireland,2006,10.54
Ireland,2007,10.15
Ireland,2008,10.8
Ireland,2009,11.05
Ireland,2010,10.03
Ireland,2011,11.55
Ireland,2012,11.47
Ireland,2013,9.78
Ireland,2014,9.97
Israel,1979,10.02
Israel,1980,10.52
Israel,1981,8.2
Israel,1982,7.61
Israel,1983,10.83
Israel,1984,9.31
Israel,1985,9.34
Israel,1986,10.86
Israel,1987,11.13
Israel,1988,10.35
Israel,1989,14.19
Israel,1990,10.19
Israel,1991,11.61
Israel,1992,10.91
Israel,1993,11.44
Israel,1994,12.49
Israel,1995,10.62
Israel,1996,9.21
Israel,1997,10.55
Israel,1998,8.34
Israel,1999,8.55
Israel,2000,9.05
Israel,2001,9.02
Israel,2002,7.79
Israel,2003,8.1
Israel,2004,8.2
Israel,2005,8.58
Israel,2006,6.71
Israel,2007,6.14
Israel,2008,7.28
Israel,2009,6.69
Israel,2010,8.29
Israel,2011,7.28
Israel,2012,6.98
Israel,2013,6.18
Israel,2014,5.94
Israel,2015,5.49
Israel,2016,0
Italy,1979,8.88
Italy,1980,9.57
Italy,1981,8.94
Italy,1982,9.99
Italy,1983,10.41
Italy,1984,10.58
Italy,1985,11.12
Italy,1986,10.92
Italy,1987,10.46
Italy,1988,10.15
Italy,1989,9.72
Italy,1990,10.17
Italy,1991,9.66
Italy,1992,9.62
Italy,1993,10.1
Italy,1994,9.91
Italy,1995,9.83
Italy,1996,9.62
Italy,1997,9.75
Italy,1998,9.49
Italy,1999,8.31
Italy,2000,8.27
Italy,2001,7.99
Italy,2002,7.88
Italy,2003,7.87
Italy,2004,7.61
Italy,2005,6.88
Italy,2006,6.8
Italy,2007,6.83
Italy,2008,6.81
Italy,2009,6.83
Italy,2010,6.73
Italy,2011,7.17
Italy,2012,7.12
Italy,2013,7.07
Italy,2014,6.84
Italy,2015,6.54
Japan,1979,26.03
Japan,1980,24.98
Japan,1981,23.5
Japan,1982,23.63
Japan,1983,27.71
Japan,1984,26.52
Japan,1985,25.04
Japan,1986,26.96
Japan,1987,24.61
Japan,1988,23.73
Japan,1989,21.95
Japan,1990,20.53
Japan,1991,19.54
Japan,1992,20.02
Japan,1993,18.68
Japan,1994,19.08
Japan,1995,19.01
Japan,1996,19.04
Japan,1997,19.78
Japan,1998,25.55
Japan,1999,24.91
Japan,2000,23.21
Japan,2001,22.26
Japan,2002,22.15
Japan,2003,23.28
Japan,2004,22.19
Japan,2005,22.24
Japan,2006,21.85
Japan,2007,22.4
Japan,2008,22.11
Japan,2009,22.22
Japan,2010,21.29
Japan,2011,21.03
Japan,2012,19.48
Japan,2013,19.26
Japan,2014,18.18
Japan,2015,17.17
Kazakhstan,1981,31.53
Kazakhstan,1982,30.91
Kazakhstan,1983,0
Kazakhstan,1985,33.15
Kazakhstan,1986,25.11
Kazakhstan,1987,26.03
Kazakhstan,1988,26.98
Kazakhstan,1989,30.22
Kazakhstan,1990,27.84
Kazakhstan,1991,26.56
Kazakhstan,1992,26.96
Kazakhstan,1993,31.37
Kazakhstan,1994,34.56
Kazakhstan,1995,37.89
Kazakhstan,1996,37.74
Kazakhstan,1997,36.15
Kazakhstan,1998,36.71
Kazakhstan,1999,33.98
Kazakhstan,2000,35.5
Kazakhstan,2001,35.21
Kazakhstan,2002,33.82
Kazakhstan,2003,34.31
Kazakhstan,2004,34.49
Kazakhstan,2005,29.82
Kazakhstan,2006,31.23
Kazakhstan,2007,31.3
Kazakhstan,2008,30.58
Kazakhstan,2009,27.51
Kazakhstan,2010,26.73
Kazakhstan,2011,24.48
Kazakhstan,2012,22.59
Kazakhstan,2013,24.72
Kazakhstan,2014,21.42
Kazakhstan,2015,19.84
Kuwait,1979,0.25
Kuwait,1980,0.86
Kuwait,1981,0.89
Kuwait,1982,0.14
Kuwait,1983,0.31
Kuwait,1984,0.63
Kuwait,1985,0.93
Kuwait,1986,0.73
Kuwait,1987,0.96
Kuwait,1993,1.08
Kuwait,1994,1.54
Kuwait,1995,1.06
Kuwait,1996,1.53
Kuwait,1997,1.66
Kuwait,1998,1.35
Kuwait,1999,1.4
Kuwait,2000,1.27
Kuwait,2001,0.76
Kuwait,2002,1.21
Kuwait,2003,1.37
Kuwait,2004,1.44
Kuwait,2005,1.52
Kuwait,2006,1.32
Kuwait,2007,1.09
Kuwait,2008,0.98
Kuwait,2009,1.23
Kuwait,2010,0.84
Kuwait,2011,0.95
Kuwait,2012,1.3
Kuwait,2013,0.82
Kuwait,2014,1.32
Kyrgyzstan,1981,19.28
Kyrgyzstan,1982,20.28
Kyrgyzstan,1983,0
Kyrgyzstan,1985,17.63
Kyrgyzstan,1986,15.79
Kyrgyzstan,1987,18.93
Kyrgyzstan,1988,20.18
Kyrgyzstan,1989,20.02
Kyrgyzstan,1990,20.59
Kyrgyzstan,1991,20.55
Kyrgyzstan,1992,18.45
Kyrgyzstan,1993,21.57
Kyrgyzstan,1994,21.19
Kyrgyzstan,1995,19.98
Kyrgyzstan,1996,17.21
Kyrgyzstan,1997,15.9
Kyrgyzstan,1998,15.41
Kyrgyzstan,1999,15.95
Kyrgyzstan,2000,15.22
Kyrgyzstan,2001,16.11
Kyrgyzstan,2002,14.43
Kyrgyzstan,2003,11.49
Kyrgyzstan,2004,11.78
Kyrgyzstan,2005,11.29
Kyrgyzstan,2006,12.17
Kyrgyzstan,2007,10.49
Kyrgyzstan,2008,11.33
Kyrgyzstan,2009,9.44
Kyrgyzstan,2010,11.93
Kyrgyzstan,2011,10.57
Kyrgyzstan,2012,11.72
Kyrgyzstan,2013,9.15
Kyrgyzstan,2014,9.32
Kyrgyzstan,2015,8.2
Latvia,1980,37.24
Latvia,1981,39.36
Latvia,1982,39.61
Latvia,1983,40.93
Latvia,1984,41.2
Latvia,1985,34.49
Latvia,1986,31.82
Latvia,1987,28.63
Latvia,1988,29.56
Latvia,1989,32.07
Latvia,1990,32.72
Latvia,1991,34.57
Latvia,1992,40.05
Latvia,1993,47.95
Latvia,1994,44.65
Latvia,1995,45.47
Latvia,1996,41
Latvia,1997,41.05
Latvia,1998,36.82
Latvia,1999,35.03
Latvia,2000,37.77
Latvia,2001,31.96
Latvia,2002,30.65
Latvia,2003,30.14
Latvia,2004,27.37
Latvia,2005,26.01
Latvia,2006,24.08
Latvia,2007,24.65
Latvia,2008,26.97
Latvia,2009,25.65
Latvia,2010,21.61
Latvia,2011,24.06
Latvia,2012,22.31
Latvia,2013,20.18
Latvia,2014,20.73
Latvia,2015,20.96
Lithuania,1981,37.9
Lithuania,1982,39.73
Lithuania,1983,0
Lithuania,1985,38.15
Lithuania,1986,29.71
Lithuania,1987,33.83
Lithuania,1988,29.51
Lithuania,1989,30.1
Lithuania,1990,28.96
Lithuania,1991,33.32
Lithuania,1992,38.26
Lithuania,1993,46.17
Lithuania,1994,50.94
Lithuania,1995,53.28
Lithuania,1996,49.63
Lithuania,1997,47.12
Lithuania,1998,47.2
Lithuania,1999,46.79
Lithuania,2000,47.65
Lithuania,2001,47.42
Lithuania,2002,46.3
Lithuania,2003,44.21
Lithuania,2004,41.95
Lithuania,2005,40.48
Lithuania,2006,33.38
Lithuania,2007,33.9
Lithuania,2008,35.84
Lithuania,2009,36.42
Lithuania,2010,32.94
Lithuania,2011,33.97
Lithuania,2012,31.18
Lithuania,2013,37.05
Lithuania,2014,33.44
Lithuania,2015,32.12
Lithuania,2016,30.38
Luxembourg,1979,23.44
Luxembourg,1980,15.84
Luxembourg,1981,15.94
Luxembourg,1982,25.89
Luxembourg,1983,25.79
Luxembourg,1984,20.68
Luxembourg,1985,20.62
Luxembourg,1986,15.25
Luxembourg,1987,20.27
Luxembourg,1988,17.63
Luxembourg,1989,21.78
Luxembourg,1990,19.45
Luxembourg,1991,23.4
Luxembourg,1992,19.03
Luxembourg,1993,17.33
Luxembourg,1994,23.1
Luxembourg,1995,17.51
Luxembourg,1996,19.1
Luxembourg,1997,25.63
Luxembourg,1998,16.77
Luxembourg,1999,17.67
Luxembourg,2000,18.55
Luxembourg,2001,19.99
Luxembourg,2002,22.01
Luxembourg,2003,13.7
Luxembourg,2004,15.8
Luxembourg,2005,13.26
Luxembourg,2006,15.32
Luxembourg,2007,15.32
Luxembourg,2008,9.36
Luxembourg,2009,9.25
Luxembourg,2010,11.76
Luxembourg,2011,11.38
Luxembourg,2012,11.68
Luxembourg,2013,7.62
Luxembourg,2014,12.32
Luxembourg,2015,11.2
Malaysia,1997,8.17
Malaysia,2000,5.6
Malaysia,2001,3.47
Malaysia,2002,2.18
Malaysia,2003,2.66
Malaysia,2004,3.13
Malaysia,2005,1.85
Malaysia,2006,2.99
Malaysia,2007,2.94
Malaysia,2008,2.8
Malaysia,2009,1.9
Malaysia,2010,1.85
Malaysia,2011,1.61
Malaysia,2012,1.38
Malaysia,2013,1.05
Malaysia,2014,1
Mauritius,1979,0
Mauritius,1980,0
Mauritius,1981,1.81
Mauritius,1982,3.72
Mauritius,1983,1.87
Mauritius,1984,13.26
Mauritius,1985,11.93
Mauritius,1986,2.51
Mauritius,1987,14.33
Mauritius,1988,20.51
Mauritius,1989,17.64
Mauritius,1990,13.6
Mauritius,1991,16.4
Mauritius,1992,16.58
Mauritius,1993,14.58
Mauritius,1994,12.89
Mauritius,1995,15.22
Mauritius,1996,13.85
Mauritius,1997,11.96
Mauritius,1998,12.9
Mauritius,1999,15.5
Mauritius,2000,11.74
Mauritius,2001,10.15
Mauritius,2002,10.99
Mauritius,2003,7.84
Mauritius,2004,8.42
Mauritius,2005,8.54
Mauritius,2006,13.64
Mauritius,2007,11.79
Mauritius,2008,6.51
Mauritius,2009,8.84
Mauritius,2010,9.32
Mauritius,2011,10
Mauritius,2012,9.52
Mauritius,2013,8.14
Mauritius,2014,9.62
Mauritius,2015,8.33
Mauritius,2016,8.28
Mexico,1979,2.55
Mexico,1980,2.36
Mexico,1981,2.71
Mexico,1982,2.89
Mexico,1983,2.49
Mexico,1984,2.14
Mexico,1985,3.18
Mexico,1986,3.81
Mexico,1987,3.45
Mexico,1988,3.52
Mexico,1989,4.02
Mexico,1990,4.07
Mexico,1991,3.97
Mexico,1992,4.34
Mexico,1993,4.33
Mexico,1994,4.66
Mexico,1995,4.92
Mexico,1996,4.69
Mexico,1997,4.76
Mexico,1998,4.74
Mexico,1999,4.57
Mexico,2000,4.57
Mexico,2001,5.28
Mexico,2002,4.86
Mexico,2003,5.25
Mexico,2004,5.06
Mexico,2005,5.19
Mexico,2006,4.94
Mexico,2007,4.83
Mexico,2008,5.07
Mexico,2009,5.35
Mexico,2010,5.08
Mexico,2011,5.46
Mexico,2012,5.29
Mexico,2013,5.42
Mexico,2014,5.7
Mexico,2015,5.55
Morocco,2000,0.75
Morocco,2001,0.39
Morocco,2002,0.78
Morocco,2003,1.42
Morocco,2004,0.71
Morocco,2007,0.32
Morocco,2008,0.36
Morocco,2009,0.82
Morocco,2010,1.28
Morocco,2011,1.67
Morocco,2012,5.29
Morocco,2013,5.61
Morocco,2014,4.19
Netherlands,1979,12.93
Netherlands,1980,12.74
Netherlands,1981,12.36
Netherlands,1982,13.3
Netherlands,1983,15.05
Netherlands,1984,14.61
Netherlands,1985,13.32
Netherlands,1986,13.19
Netherlands,1987,13.1
Netherlands,1988,12.3
Netherlands,1989,11.33
Netherlands,1990,11.35
Netherlands,1991,12.54
Netherlands,1992,11.96
Netherlands,1993,11.33
Netherlands,1994,11.41
Netherlands,1995,10.42
Netherlands,1996,11.26
Netherlands,1997,11.38
Netherlands,1998,10.71
Netherlands,1999,10.26
Netherlands,2000,9.92
Netherlands,2001,9.69
Netherlands,2002,9.98
Netherlands,2003,9.44
Netherlands,2004,9.26
Netherlands,2005,9.44
Netherlands,2006,9.43
Netherlands,2007,8.12
Netherlands,2008,8.51
Netherlands,2009,9.03
Netherlands,2010,9.12
Netherlands,2011,9.42
Netherlands,2012,9.88
Netherlands,2013,10.46
Netherlands,2014,10.12
Netherlands,2015,10.58
Netherlands,2016,10.69
New Zealand,1979,12.51
New Zealand,1980,14.02
New Zealand,1981,12.75
New Zealand,1982,14.4
New Zealand,1983,13.24
New Zealand,1984,15.95
New Zealand,1985,12.8
New Zealand,1986,14.89
New Zealand,1987,17.54
New Zealand,1988,17.09
New Zealand,1989,15.89
New Zealand,1990,15.55
New Zealand,1991,14.62
New Zealand,1992,15.3
New Zealand,1993,13.67
New Zealand,1994,16.55
New Zealand,1995,16.62
New Zealand,1996,16.26
New Zealand,1997,16.52
New Zealand,1998,16.76
New Zealand,1999,14.73
New Zealand,2000,13.13
New Zealand,2001,14.99
New Zealand,2002,12.67
New Zealand,2003,14.36
New Zealand,2004,13.62
New Zealand,2005,13.16
New Zealand,2006,13.06
New Zealand,2007,12.35
New Zealand,2008,12.65
New Zealand,2009,12.75
New Zealand,2010,12.72
New Zealand,2011,11.9
New Zealand,2012,13.17
New Zealand,2013,12.05
Nicaragua,1988,0.2
Nicaragua,1989,0.2
Nicaragua,1990,0.17
Nicaragua,1991,0.2
Nicaragua,1992,0.21
Nicaragua,1993,0.23
Nicaragua,1994,0.27
Nicaragua,1996,0.43
Nicaragua,1997,0.51
Nicaragua,1998,0.56
Nicaragua,1999,0.59
Nicaragua,2000,0.67
Nicaragua,2001,0.68
Nicaragua,2002,0.67
Nicaragua,2003,0.72
Nicaragua,2004,0.73
Nicaragua,2005,0.73
Nicaragua,2006,0.59
Nicaragua,2007,0.65
Nicaragua,2008,0.71
Nicaragua,2009,0.68
Nicaragua,2010,7.4
Nicaragua,2011,7.46
Nicaragua,2012,6.02
Nicaragua,2013,6.75
Nicaragua,2014,5.95
Nicaragua,2015,5.82
Norway,1979,0
Norway,1980,0
Norway,1981,0
Norway,1982,0
Norway,1983,0
Norway,1984,0
Norway,1985,0
Norway,1986,13.64
Norway,1987,15.96
Norway,1988,17.38
Norway,1989,16.49
Norway,1990,15.94
Norway,1991,16.24
Norway,1992,15.14
Norway,1993,14.84
Norway,1994,12.54
Norway,1995,13.03
Norway,1996,12.83
Norway,1997,13.22
Norway,1998,12.81
Norway,1999,13.61
Norway,2000,12.53
Norway,2001,12.86
Norway,2002,11.75
Norway,2003,11.51
Norway,2004,11.78
Norway,2005,11.84
Norway,2006,11.89
Norway,2007,10.65
Norway,2008,11
Norway,2009,12.15
Norway,2010,11.37
Norway,2011,12.21
Norway,2012,10.5
Norway,2013,10.58
Norway,2014,10.6
Norway,2015,11.37
Panama,1979,3.28
Panama,1980,4.81
Panama,1981,2.69
Panama,1982,2.38
Panama,1983,3.62
Panama,1984,1.72
Panama,1985,4.26
Panama,1986,5.08
Panama,1987,5.59
Panama,1988,5.02
Panama,1989,4.61
Panama,1996,5.53
Panama,1997,6.93
Panama,1998,6.39
Panama,1999,6.47
Panama,2000,7.13
Panama,2001,7.23
Panama,2002,6.58
Panama,2003,8.1
Panama,2004,6.81
Panama,2005,6.48
Panama,2006,7.64
Panama,2007,5.99
Panama,2008,6.11
Panama,2009,5.69
Panama,2010,5.33
Panama,2011,5.23
Panama,2012,4.63
Panama,2013,4.11
Panama,2014,4.67
Panama,2015,3.74
Paraguay,1979,2.07
Paraguay,1980,3.84
Paraguay,1981,2.5
Paraguay,1982,2.19
Paraguay,1983,2.24
Paraguay,1984,3.44
Paraguay,1985,3.29
Paraguay,1986,2.23
Paraguay,1987,3.05
Paraguay,1988,0
Paraguay,1989,2.94
Paraguay,1990,3.75
Paraguay,1991,2.26
Paraguay,1994,3.71
Paraguay,1995,3.36
Paraguay,1996,2.79
Paraguay,1997,2.97
Paraguay,1998,4.05
Paraguay,1999,3.7
Paraguay,2000,3.57
Paraguay,2001,4.71
Paraguay,2002,3.62
Paraguay,2003,4.28
Paraguay,2004,5.45
Paraguay,2005,5.23
Paraguay,2006,5.46
Paraguay,2007,5.21
Paraguay,2008,4.86
Paraguay,2009,5.61
Paraguay,2010,4.55
Paraguay,2011,5.65
Paraguay,2012,5.28
Paraguay,2013,6.28
Paraguay,2014,6.01
Peru,1983,0.34
Peru,1986,0.52
Peru,1987,0.45
Peru,1988,0.39
Peru,1989,0.37
Peru,1990,0.31
Peru,1991,0.26
Peru,1992,0.69
Peru,1994,1.1
Peru,1995,1.3
Peru,1996,1.34
Peru,1997,1.02
Peru,1998,1.14
Peru,1999,0.85
Peru,2000,0.81
Peru,2001,0.8
Peru,2002,0.89
Peru,2003,0.83
Peru,2004,0.78
Peru,2005,0.7
Peru,2006,0.81
Peru,2007,1.45
Peru,2008,1.43
Peru,2009,0.53
Peru,2010,0.93
Peru,2011,1.7
Peru,2012,2.1
Peru,2013,1.22
Peru,2014,1.43
Peru,2015,0.94
Philippines,1980,0
Philippines,1981,0
Philippines,1983,0
Philippines,1992,0.82
Philippines,1993,1.83
Philippines,1994,0
Philippines,1995,0
Philippines,1996,0
Philippines,1997,1.69
Philippines,1998,1.84
Philippines,1999,2.07
Philippines,2000,2.68
Philippines,2001,2.26
Philippines,2002,2.38
Philippines,2003,2.78
Philippines,2006,3.06
Philippines,2007,2.43
Philippines,2008,2.75
Philippines,2009,2.91
Philippines,2010,3.08
Philippines,2011,3.74
Philippines,2013,0
Philippines,2014,0
Poland,1979,0
Poland,1980,0
Poland,1981,0
Poland,1982,0
Poland,1983,13.66
Poland,1984,15.46
Poland,1985,14.92
Poland,1986,14.56
Poland,1987,15.18
Poland,1988,13.95
Poland,1989,13.03
Poland,1990,14.39
Poland,1991,15.02
Poland,1992,16.2
Poland,1993,15.65
Poland,1994,15.5
Poland,1995,15.14
Poland,1996,14.85
Poland,1997,0
Poland,1998,0
Poland,1999,15.35
Poland,2000,15.92
Poland,2001,15.05
Poland,2002,15.27
Poland,2003,15.01
Poland,2004,15.65
Poland,2005,15.5
Poland,2006,15.24
Poland,2007,13.87
Poland,2008,14.78
Poland,2009,16.43
Poland,2010,15.89
Poland,2011,15.32
Poland,2012,16.03
Poland,2013,15.63
Poland,2014,14.86
Poland,2015,13.92
Portugal,1979,0
Portugal,1980,11.8
Portugal,1981,12.24
Portugal,1982,12.17
Portugal,1983,13.13
Portugal,1984,13.07
Portugal,1985,13.74
Portugal,1986,13.79
Portugal,1987,14.28
Portugal,1988,11.48
Portugal,1989,10.86
Portugal,1990,12.52
Portugal,1991,13.76
Portugal,1992,12.36
Portugal,1993,10.49
Portugal,1994,10.32
Portugal,1995,10.74
Portugal,1996,9.65
Portugal,1997,8.52
Portugal,1998,7.26
Portugal,1999,7.46
Portugal,2000,7.16
Portugal,2001,9.64
Portugal,2002,14.32
Portugal,2003,13.87
Portugal,2004,0
Portugal,2005,0
Portugal,2006,0
Portugal,2007,11.96
Portugal,2008,11.75
Portugal,2009,11.64
Portugal,2010,12.4
Portugal,2011,10.66
Portugal,2012,11.62
Portugal,2013,11.06
Portugal,2014,12.82
Puerto Rico,1979,13.05
Puerto Rico,1980,12.77
Puerto Rico,1981,14.41
Puerto Rico,1982,12.65
Puerto Rico,1983,13.64
Puerto Rico,1984,13.99
Puerto Rico,1985,12.88
Puerto Rico,1986,14.85
Puerto Rico,1987,11.98
Puerto Rico,1988,13.47
Puerto Rico,1989,14.13
Puerto Rico,1990,15.13
Puerto Rico,1991,15.4
Puerto Rico,1992,11.28
Puerto Rico,1993,12.6
Puerto Rico,1994,12.27
Puerto Rico,1995,10.07
Puerto Rico,1996,11.65
Puerto Rico,1997,8.27
Puerto Rico,1998,10.92
Puerto Rico,1999,9.78
Puerto Rico,2000,9.02
Puerto Rico,2001,8.91
Puerto Rico,2002,7.63
Puerto Rico,2003,8.08
Puerto Rico,2004,9.08
Puerto Rico,2005,8.76
Puerto Rico,2006,7.94
Puerto Rico,2007,7.76
Puerto Rico,2008,8.92
Puerto Rico,2009,10.41
Puerto Rico,2010,8.65
Puerto Rico,2011,7.55
Puerto Rico,2012,7.26
Puerto Rico,2013,7.55
Puerto Rico,2014,6.42
Puerto Rico,2015,7.13
Qatar,1995,0
Qatar,2001,2.28
Qatar,2004,1.27
Qatar,2005,1.57
Qatar,2006,7.28
Qatar,2007,2.38
Qatar,2008,1.13
Qatar,2009,1.66
Qatar,2010,1.07
Qatar,2011,1.57
Qatar,2012,1.11
Qatar,2013,0.69
Qatar,2014,1.58
Qatar,2015,1.57
Qatar,2016,1.52
Republic of Korea,1985,12.22
Republic of Korea,1986,11.94
Republic of Korea,1987,10.69
Republic of Korea,1988,9.55
Republic of Korea,1989,10.12
Republic of Korea,1990,10.04
Republic of Korea,1991,9.68
Republic of Korea,1992,10.62
Republic of Korea,1993,13.29
Republic of Korea,1994,13.78
Republic of Korea,1995,14.94
Republic of Korea,1996,18.08
Republic of Korea,1997,18.9
Republic of Korea,1998,25.19
Republic of Korea,1999,21.46
Republic of Korea,2000,20.72
Republic of Korea,2001,22.8
Republic of Korea,2002,30.09
Republic of Korea,2003,37.84
Republic of Korea,2004,39.14
Republic of Korea,2005,39.92
Republic of Korea,2006,35.04
Republic of Korea,2007,38.88
Republic of Korea,2008,37.69
Republic of Korea,2009,43.29
Republic of Korea,2010,43.18
Republic of Korea,2011,42.92
Republic of Korea,2012,36.94
Republic of Korea,2013,35.71
Republic of Korea,2014,32.11
Republic of Korea,2015,32.43
Romania,1979,0
Romania,1980,0
Romania,1981,0
Romania,1982,0
Romania,1983,0
Romania,1984,0
Romania,1985,0
Romania,1986,0
Romania,1987,0
Romania,1988,0
Romania,1989,13.15
Romania,1990,10.49
Romania,1991,11.12
Romania,1992,13.68
Romania,1993,13.51
Romania,1994,14.4
Romania,1995,13.02
Romania,1996,13.33
Romania,1997,13.47
Romania,1998,13.44
Romania,1999,13.19
Romania,2000,13.27
Romania,2001,12.43
Romania,2002,14.47
Romania,2003,13.31
Romania,2004,12.6
Romania,2005,12.17
Romania,2006,12.42
Romania,2007,11.34
Romania,2008,11.7
Romania,2009,12
Romania,2010,12.5
Romania,2011,11.57
Romania,2012,11.84
Romania,2013,11.5
Romania,2014,10.92
Romania,2015,11.13
Romania,2016,9.82
Russian Federation,1980,40.94
Russian Federation,1981,41.24
Russian Federation,1982,41.56
Russian Federation,1983,0
Russian Federation,1984,0
Russian Federation,1985,37.93
Russian Federation,1986,30.36
Russian Federation,1987,30.85
Russian Federation,1988,32.01
Russian Federation,1989,33.24
Russian Federation,1990,33.26
Russian Federation,1991,33.03
Russian Federation,1992,36.46
Russian Federation,1993,43.51
Russian Federation,1994,47.3
Russian Federation,1995,45.62
Russian Federation,1996,43.86
Russian Federation,1997,42.34
Russian Federation,1998,39.56
Russian Federation,1999,42.51
Russian Federation,2000,42.04
Russian Federation,2001,42.05
Russian Federation,2002,40.71
Russian Federation,2003,39.08
Russian Federation,2004,37.3
Russian Federation,2005,35.03
Russian Federation,2006,33.44
Russian Federation,2007,32.25
Russian Federation,2008,30.57
Russian Federation,2009,29.4
Russian Federation,2010,26.6
Russian Federation,2011,24.97
Russian Federation,2012,23.79
Russian Federation,2013,22.83
Russian Federation,2014,21.6
Russian Federation,2015,19.74
Saudi Arabia,2009,1.23
Saudi Arabia,2012,1.58
Serbia,1998,25.59
Serbia,1999,28.73
Serbia,2000,27.01
Serbia,2001,24.75
Serbia,2002,24.66
Serbia,2003,22.61
Serbia,2004,21.88
Serbia,2005,23.86
Serbia,2006,23.84
Serbia,2007,21.54
Serbia,2008,20.22
Serbia,2009,21.54
Serbia,2010,19.54
Serbia,2011,20.29
Serbia,2012,19.54
Serbia,2013,18.14
Serbia,2014,18.07
Serbia,2015,17.16
Seychelles,1985,13.02
Seychelles,1986,1.94
Seychelles,1987,5.06
Seychelles,2001,7.3
Seychelles,2002,12.84
Seychelles,2003,8.33
Seychelles,2004,5.27
Seychelles,2005,5.96
Seychelles,2006,22.98
Seychelles,2007,12.3
Seychelles,2008,3.26
Seychelles,2009,3.65
Seychelles,2010,4.33
Seychelles,2011,4.28
Seychelles,2012,2.79
Seychelles,2013,10.95
Seychelles,2014,3.61
Seychelles,2015,6.77
Singapore,1979,27.47
Singapore,1980,24.76
Singapore,1981,16.79
Singapore,1982,21.95
Singapore,1983,23.78
Singapore,1984,17.12
Singapore,1985,29.45
Singapore,1986,27.05
Singapore,1987,22.8
Singapore,1988,30.02
Singapore,1989,29.51
Singapore,1990,22.67
Singapore,1991,19.12
Singapore,1992,17.12
Singapore,1993,19.6
Singapore,1994,20.57
Singapore,1995,23.56
Singapore,1996,17.41
Singapore,1997,17.22
Singapore,1998,17.95
Singapore,1999,13.87
Singapore,2000,13.7
Singapore,2001,13.98
Singapore,2002,14.37
Singapore,2003,14.4
Singapore,2004,13.96
Singapore,2005,15.03
Singapore,2006,12.4
Singapore,2007,13.81
Singapore,2008,12.52
Singapore,2009,12.47
Singapore,2010,10.77
Singapore,2011,9.75
Singapore,2012,11.8
Singapore,2013,11.49
Singapore,2014,10.98
Singapore,2015,9.11
Slovakia,1984,0
Slovakia,1985,0
Slovakia,1986,0
Slovakia,1987,0
Slovakia,1988,0
Slovakia,1989,0
Slovakia,1990,0
Slovakia,1991,0
Slovakia,1992,17.85
Slovakia,1993,16.28
Slovakia,1994,15.42
Slovakia,1995,16.56
Slovakia,1996,14.54
Slovakia,1997,13.68
Slovakia,1998,13.49
Slovakia,1999,14.34
Slovakia,2000,15.01
Slovakia,2001,14.32
Slovakia,2002,15.98
Slovakia,2003,14.1
Slovakia,2004,12.58
Slovakia,2005,13.78
Slovakia,2006,0
Slovakia,2007,0
Slovakia,2008,11.18
Slovakia,2009,11.59
Slovakia,2010,11.97
Slovakia,2011,0
Slovakia,2012,10.79
Slovakia,2013,11.99
Slovakia,2014,11.07
Slovenia,1985,39.34
Slovenia,1986,35.92
Slovenia,1987,37.37
Slovenia,1988,38.19
Slovenia,1989,41.51
Slovenia,1990,34.93
Slovenia,1991,40.28
Slovenia,1992,35.13
Slovenia,1993,37.97
Slovenia,1994,36.39
Slovenia,1995,32.82
Slovenia,1996,35.09
Slovenia,1997,34.18
Slovenia,1998,34.47
Slovenia,1999,32.78
Slovenia,2000,33.68
Slovenia,2001,35.28
Slovenia,2002,29.53
Slovenia,2003,31.38
Slovenia,2004,24.87
Slovenia,2005,28.12
Slovenia,2006,28.99
Slovenia,2007,24.29
Slovenia,2008,21.92
Slovenia,2009,22.39
Slovenia,2010,22.13
Slovenia,2011,23.47
Slovenia,2012,23.31
Slovenia,2013,23.59
Slovenia,2014,20.03
Slovenia,2015,22.07
South Africa,1996,0.67
South Africa,1997,0.41
South Africa,1998,0.64
South Africa,1999,0.91
South Africa,2000,0.8
South Africa,2001,1.04
South Africa,2002,0.58
South Africa,2003,0.77
South Africa,2004,1.05
South Africa,2005,1.27
South Africa,2006,1.49
South Africa,2007,1.01
South Africa,2008,1.18
South Africa,2009,0.89
South Africa,2010,1.09
South Africa,2011,0.78
South Africa,2012,1.13
South Africa,2013,1.24
South Africa,2014,1.26
South Africa,2015,1.08
Spain,1979,0
Spain,1980,6.55
Spain,1981,6.71
Spain,1982,7.08
Spain,1983,8.56
Spain,1984,9.21
Spain,1985,9.58
Spain,1986,9.99
Spain,1987,10.18
Spain,1988,10.61
Spain,1989,10.54
Spain,1990,10.77
Spain,1991,10.15
Spain,1992,9.92
Spain,1993,10.07
Spain,1994,10.36
Spain,1995,10.32
Spain,1996,10.54
Spain,1997,10.94
Spain,1998,10.34
Spain,1999,9.92
Spain,2000,10.18
Spain,2001,9.37
Spain,2002,9.64
Spain,2003,9.71
Spain,2004,9.39
Spain,2005,8.97
Spain,2006,8.32
Spain,2007,8.25
Spain,2008,8.21
Spain,2009,8.17
Spain,2010,7.29
Spain,2011,7.38
Spain,2012,8.07
Spain,2013,8.44
Spain,2014,8.7
Spain,2015,8.12
Sri Lanka,1980,41.81
Sri Lanka,1981,40.55
Sri Lanka,1982,43.05
Sri Lanka,1983,44.86
Sri Lanka,1984,46
Sri Lanka,1985,46.56
Sri Lanka,1986,44.15
Sri Lanka,1996,32.98
Sri Lanka,1997,39.34
Sri Lanka,1998,37.6
Sri Lanka,1999,37.1
Sri Lanka,2000,35.61
Sri Lanka,2001,29.84
Sri Lanka,2002,28.28
Sri Lanka,2003,29.4
Sri Lanka,2006,27.39
Sweden,1979,0
Sweden,1980,0
Sweden,1981,0
Sweden,1982,0
Sweden,1983,0
Sweden,1984,0
Sweden,1985,0
Sweden,1986,0
Sweden,1987,19.24
Sweden,1988,19.31
Sweden,1989,19.86
Sweden,1990,18.5
Sweden,1991,18.13
Sweden,1992,16.73
Sweden,1993,16.75
Sweden,1994,16.31
Sweden,1995,15.98
Sweden,1996,14.85
Sweden,1997,13.93
Sweden,1998,14.65
Sweden,1999,14.39
Sweden,2000,13.54
Sweden,2001,13.96
Sweden,2002,13.56
Sweden,2003,12.78
Sweden,2004,13.12
Sweden,2005,13.72
Sweden,2006,13.4
Sweden,2007,12.28
Sweden,2008,12.97
Sweden,2009,13.37
Sweden,2010,12.21
Sweden,2011,11.81
Sweden,2012,12.34
Sweden,2013,13.18
Sweden,2014,12.42
Sweden,2015,12.44
Sweden,2016,11.65
Switzerland,1979,0
Switzerland,1980,0
Switzerland,1981,0
Switzerland,1982,0
Switzerland,1983,0
Switzerland,1984,0
Switzerland,1985,0
Switzerland,1986,0
Switzerland,1987,0
Switzerland,1988,0
Switzerland,1989,0
Switzerland,1990,0
Switzerland,1991,0
Switzerland,1992,0
Switzerland,1993,0
Switzerland,1994,0
Switzerland,1995,23.59
Switzerland,1996,23.32
Switzerland,1997,22.23
Switzerland,1998,22.79
Switzerland,1999,21
Switzerland,2000,22.18
Switzerland,2001,21.81
Switzerland,2002,22.81
Switzerland,2003,20.22
Switzerland,2004,20.19
Switzerland,2005,20.52
Switzerland,2006,20.14
Switzerland,2007,21.32
Switzerland,2008,19.79
Switzerland,2009,15.01
Switzerland,2010,13.38
Switzerland,2011,14.02
Switzerland,2012,13.78
Switzerland,2013,14.19
Switzerland,2014,13.51
Switzerland,2015,13.72
Syrian Arab Republic,1980,3.42
Syrian Arab Republic,1981,2.58
Syrian Arab Republic,1984,0.75
Syrian Arab Republic,1985,0.83
Syrian Arab Republic,1998,1.25
Syrian Arab Republic,1999,2.17
Syrian Arab Republic,2000,1.92
Syrian Arab Republic,2001,0.92
Syrian Arab Republic,2002,2.5
Syrian Arab Republic,2003,2.17
Syrian Arab Republic,2004,2.41
Syrian Arab Republic,2005,1.92
Syrian Arab Republic,2006,2.25
Syrian Arab Republic,2007,2.41
Syrian Arab Republic,2008,2.83
Syrian Arab Republic,2009,1.75
Syrian Arab Republic,2010,2.66
Tajikistan,1981,5.33
Tajikistan,1982,10.83
Tajikistan,1985,9.03
Tajikistan,1986,8.33
Tajikistan,1987,7.07
Tajikistan,1988,6.77
Tajikistan,1989,7.87
Tajikistan,1990,7.73
Tajikistan,1991,6.97
Tajikistan,1992,6.8
Tajikistan,1993,5.1
Tajikistan,1994,6.36
Tajikistan,1995,6.63
Tajikistan,1996,5.46
Tajikistan,1997,5.3
Tajikistan,1998,5.2
Tajikistan,1999,6.8
Tajikistan,2000,5.9
Tajikistan,2001,5.43
Tajikistan,2002,4.7
Tajikistan,2003,5.63
Tajikistan,2004,5.73
Tajikistan,2005,6.23
Tajikistan,2016,7.86
Thailand,1979,7.58
Thailand,1980,9.14
Thailand,1981,8.09
Thailand,1982,7.82
Thailand,1983,7.67
Thailand,1984,6.96
Thailand,1985,6.88
Thailand,1986,5.99
Thailand,1987,6.82
Thailand,1990,7.99
Thailand,1991,7.21
Thailand,1992,6.93
Thailand,1994,4.69
Thailand,1995,7.79
Thailand,1996,7.75
Thailand,1997,7.2
Thailand,1998,8.3
Thailand,1999,9.09
Thailand,2000,8.84
Thailand,2002,8.59
Thailand,2003,7.6
Thailand,2004,7.17
Thailand,2005,6.5
Thailand,2006,5.75
Thailand,2007,6.6
Thailand,2008,6.52
Thailand,2009,6.55
Thailand,2010,6.71
Thailand,2011,6.47
Thailand,2012,6.72
Thailand,2013,6.63
Thailand,2014,6.41
Thailand,2015,6.76
Thailand,2016,6.47
Turkey,2009,1.77
Turkey,2010,2.64
Turkey,2011,1.92
Turkey,2012,2.37
Turkey,2013,2.95
Turkey,2014,2.57
Turkey,2015,2.37
Turkmenistan,1981,13.92
Turkmenistan,1982,10.67
Turkmenistan,1983,0
Turkmenistan,1985,10.3
Turkmenistan,1986,13.79
Turkmenistan,1987,14.47
Turkmenistan,1988,13.54
Turkmenistan,1989,11.28
Turkmenistan,1990,14.33
Turkmenistan,1991,10.58
Turkmenistan,1992,9.32
Turkmenistan,1993,9.62
Turkmenistan,1994,9.74
Turkmenistan,1995,7.54
Turkmenistan,1996,8.64
Turkmenistan,1997,8.41
Turkmenistan,1998,11.38
Turkmenistan,1999,12.09
Turkmenistan,2000,9.34
Turkmenistan,2001,11.12
Turkmenistan,2002,9.62
Turkmenistan,2003,8.92
Turkmenistan,2004,9.4
Turkmenistan,2005,11.18
Turkmenistan,2006,11.99
Turkmenistan,2007,8.06
Turkmenistan,2008,9.8
Turkmenistan,2009,3.55
Turkmenistan,2010,3.81
Turkmenistan,2011,2.64
Turkmenistan,2012,2.55
Turkmenistan,2013,1.94
Turkmenistan,2014,2.35
Turkmenistan,2015,2.37
Ukraine,1981,28.14
Ukraine,1982,29.84
Ukraine,1983,0
Ukraine,1985,26.68
Ukraine,1986,23.92
Ukraine,1987,24.5
Ukraine,1988,23.89
Ukraine,1989,26.36
Ukraine,1990,24.73
Ukraine,1991,24.83
Ukraine,1992,26.87
Ukraine,1993,29.34
Ukraine,1994,32.02
Ukraine,1995,33.06
Ukraine,1996,33.62
Ukraine,1997,32.97
Ukraine,1998,32.51
Ukraine,1999,31.34
Ukraine,2000,31.43
Ukraine,2001,29.01
Ukraine,2002,28.67
Ukraine,2003,28.09
Ukraine,2004,25.59
Ukraine,2005,24.77
Ukraine,2006,23.57
Ukraine,2007,23.43
Ukraine,2008,22.88
Ukraine,2009,23.27
Ukraine,2010,21.92
Ukraine,2011,22
Ukraine,2012,22.37
Ukraine,2014,20.88
Ukraine,2015,20.39
United Arab Emirates,2005,1.34
United Arab Emirates,2006,1.38
United Arab Emirates,2007,1.33
United Arab Emirates,2008,0.99
United Arab Emirates,2009,0.98
United Arab Emirates,2010,1.89
United Kingdom,1979,9.51
United Kingdom,1980,9.61
United Kingdom,1981,9.69
United Kingdom,1982,9.53
United Kingdom,1983,9.43
United Kingdom,1984,9.46
United Kingdom,1985,9.7
United Kingdom,1986,9.33
United Kingdom,1987,8.65
United Kingdom,1988,9.55
United Kingdom,1989,8.27
United Kingdom,1990,8.61
United Kingdom,1991,8.23
United Kingdom,1992,8.23
United Kingdom,1993,8.07
United Kingdom,1994,7.9
United Kingdom,1995,7.7
United Kingdom,1996,7.36
United Kingdom,1997,7.4
United Kingdom,1998,7.56
United Kingdom,1999,7.7
United Kingdom,2000,7.28
United Kingdom,2001,7.1
United Kingdom,2002,6.89
United Kingdom,2003,6.68
United Kingdom,2004,6.89
United Kingdom,2005,6.6
United Kingdom,2006,6.51
United Kingdom,2007,6.24
United Kingdom,2008,6.73
United Kingdom,2009,6.5
United Kingdom,2010,6.45
United Kingdom,2011,6.52
United Kingdom,2012,6.62
United Kingdom,2013,7.08
United Kingdom,2014,6.99
United Kingdom,2015,7.23
United Kingdom,2016,0
United States of America,1979,14.81
United States of America,1980,14.32
United States of America,1981,14.39
United States of America,1982,14.77
United States of America,1983,15.04
United States of America,1984,15.13
United States of America,1985,15.39
United States of America,1986,15.97
United States of America,1987,15.97
United States of America,1988,15.64
United States of America,1989,15.2
United States of America,1990,15.65
United States of America,1991,15.31
United States of America,1992,14.81
United States of America,1993,14.93
United States of America,1994,14.67
United States of America,1995,14.42
United States of America,1996,13.87
United States of America,1997,13.5
United States of America,1998,13.38
United States of America,1999,12.56
United States of America,2000,12.22
United States of America,2001,12.35
United States of America,2002,12.5
United States of America,2003,12.14
United States of America,2004,12.24
United States of America,2005,12.22
United States of America,2006,12.09
United States of America,2007,12.43
United States of America,2008,12.77
United States of America,2009,12.85
United States of America,2010,13.24
United States of America,2011,13.53
United States of America,2012,13.76
United States of America,2013,13.89
United States of America,2014,14.28
United States of America,2015,14.62
United States of America,2016,14.62
Uruguay,1979,0
Uruguay,1980,13.25
Uruguay,1981,12.73
Uruguay,1982,16.55
Uruguay,1983,15.5
Uruguay,1984,14.87
Uruguay,1985,14.88
Uruguay,1986,14.37
Uruguay,1987,13.7
Uruguay,1988,13.71
Uruguay,1989,16.37
Uruguay,1990,15.06
Uruguay,1993,18.59
Uruguay,1994,17.83
Uruguay,1995,19.83
Uruguay,1996,15.66
Uruguay,1997,19.49
Uruguay,1998,22.01
Uruguay,1999,20.3
Uruguay,2000,22.86
Uruguay,2001,19.68
Uruguay,2002,27.64
Uruguay,2003,21.6
Uruguay,2004,21.54
Uruguay,2005,20.11
Uruguay,2006,20.68
Uruguay,2007,22.19
Uruguay,2008,19.54
Uruguay,2009,19.81
Uruguay,2010,21.45
Uruguay,2012,22.03
Uruguay,2013,20.76
Uruguay,2014,20.72
Uruguay,2015,22.5
Uzbekistan,1981,10.32
Uzbekistan,1982,10.09
Uzbekistan,1983,0
Uzbekistan,1985,12
Uzbekistan,1986,11.79
Uzbekistan,1987,10.9
Uzbekistan,1988,9.98
Uzbekistan,1989,11.47
Uzbekistan,1990,10.78
Uzbekistan,1991,10.35
Uzbekistan,1992,9.27
Uzbekistan,1993,9.31
Uzbekistan,1994,9.24
Uzbekistan,1995,9.28
Uzbekistan,1996,10.42
Uzbekistan,1997,9.22
Uzbekistan,1998,9.03
Uzbekistan,1999,9.44
Uzbekistan,2000,10.03
Uzbekistan,2001,9.66
Uzbekistan,2002,7.94
Uzbekistan,2003,6.84
Uzbekistan,2004,5.67
Uzbekistan,2005,5.65
Uzbekistan,2009,5.07
Uzbekistan,2010,5.27
Uzbekistan,2011,5.6
Uzbekistan,2012,6.46
Uzbekistan,2013,6.57
Uzbekistan,2014,7.09
Venezuela,1979,7.61
Venezuela,1980,9.19
Venezuela,1981,7.62
Venezuela,1982,7.52
Venezuela,1983,8.04
Venezuela,1985,8.6
Venezuela,1986,8.32
Venezuela,1987,7.28
Venezuela,1988,8.17
Venezuela,1989,7.9
Venezuela,1990,8.18
Venezuela,1992,8.41
Venezuela,1993,7.39
Venezuela,1994,8.04
Venezuela,1996,7.11
Venezuela,1997,7.01
Venezuela,1998,7.42
Venezuela,1999,7.5
Venezuela,2000,7.95
Venezuela,2001,7.51
Venezuela,2002,7.48
Venezuela,2003,7.33
Venezuela,2004,6.1
Venezuela,2005,5.28
Venezuela,2006,5.08
Venezuela,2007,4.97
Venezuela,2008,4.58
Venezuela,2009,3.72
Venezuela,2010,3.71
Venezuela,2011,3.77
Venezuela,2012,3.51
Venezuela,2013,2.73
Zimbabwe,1979,7.61
Zimbabwe,1980,9.19
Zimbabwe,1981,7.62
Zimbabwe,1982,7.52
Zimbabwe,1983,8.04
Zimbabwe,1985,8.6
Zimbabwe,1986,8.32
Zimbabwe,1987,7.28
Zimbabwe,1988,8.17
Zimbabwe,1989,7.9
Zimbabwe,1990,8.18
Zimbabwe,1992,8.41
Zimbabwe,1993,7.39
Zimbabwe,1994,8.04
Zimbabwe,1996,7.11
Zimbabwe,1997,7.01
Zimbabwe,1998,7.42
Zimbabwe,1999,7.5
Zimbabwe,2000,7.95
Zimbabwe,2001,7.51
Zimbabwe,2002,7.48
Zimbabwe,2003,7.33
Zimbabwe,2004,6.1
Zimbabwe,2005,5.28
Zimbabwe,2006,5.08
Zimbabwe,2007,4.97
Zimbabwe,2008,4.58
Zimbabwe,2009,3.72
Zimbabwe,2010,3.71
Zimbabwe,2011,3.77
Zimbabwe,2012,3.51
Zimbabwe,2013,2.73